id_cliente,nome,email,cidade,estado,idade
1,Dale Scolding,dscolding0@usnews.com,Saint Louis,MO,46
2,Gil Scroyton,gscroyton1@gravatar.com,Atlanta,GA,67
3,Fancy Miguet,fmiguet2@dell.com,Vancouver,WA,62
4,Natasha Downe,ndowne3@opensource.org,Los Angeles,CA,54
5,Katusha Crowcum,kcrowcum4@redcross.org,Virginia Beach,VA,23
6,Willi Esselen,wesselen5@gravatar.com,Toledo,OH,36
7,Grantley Charlot,gcharlot6@netvibes.com,Columbus,OH,46
8,Beverly Dickinson,bdickinson7@taobao.com,Columbus,OH,49
9,Bertrand Dommersen,bdommersen8@businessweek.com,Sacramento,CA,28
10,Vivienne Hanhard,vhanhard9@whitehouse.gov,Cleveland,OH,21
11,Julianna Miquelet,jmiqueleta@cloudflare.com,Reno,NV,65
12,Tani Suche,tsucheb@multiply.com,Torrance,CA,59
13,Ronda June,rjunec@who.int,Metairie,LA,31
14,Blair Zealey,bzealeyd@deliciousdays.com,Minneapolis,MN,71
15,Jerri Sissland,jsisslande@bbb.org,Cambridge,MA,68
16,Nickola Hathorn,nhathornf@artisteer.com,Naples,FL,27
17,Aluin Banstead,abansteadg@freewebs.com,Fresno,CA,51
18,Shelley Lowcock,slowcockh@is.gd,Knoxville,TN,37
19,Nonna Gorner,ngorneri@huffingtonpost.com,Peoria,IL,48
20,Julie Guerrier,jguerrierj@odnoklassniki.ru,Houston,TX,70
21,Anallese Odde,aoddek@rambler.ru,Laurel,MD,70
22,Gennie O'Sirin,gosirinl@sakura.ne.jp,Honolulu,HI,27
23,Valentine MacCurley,vmaccurleym@comsenz.com,Spokane,WA,31
24,Van Bowles,vbowlesn@bloglines.com,Portsmouth,NH,59
25,Krystle Sycamore,ksycamoreo@homestead.com,Dayton,OH,75
26,Diego Diggell,ddiggellp@theglobeandmail.com,Berkeley,CA,72
27,Amelita Vogel,avogelq@de.vu,Springfield,MO,33
28,Renee Cush,rcushr@networksolutions.com,Hartford,CT,70
29,Minor Catlin,mcatlins@mail.ru,Anchorage,AK,67
30,Julius Tibbs,jtibbst@google.ru,Largo,FL,75
31,Chandal Shay,cshayu@usda.gov,Flint,MI,30
32,Melita McGrady,mmcgradyv@archive.org,Springfield,IL,59
33,Joell Kach,jkachw@techcrunch.com,Lexington,KY,65
34,Lemuel Kubanek,lkubanekx@earthlink.net,Flint,MI,32
35,Ealasaid Hymers,ehymersy@sciencedirect.com,Trenton,NJ,36
36,Rossy Hargreaves,rhargreavesz@linkedin.com,Jacksonville,FL,32
37,Antonina Ducham,aducham10@fda.gov,Athens,GA,76
38,Dorette Claricoates,dclaricoates11@utexas.edu,Springfield,MA,22
39,Abbot Twinterman,atwinterman12@istockphoto.com,Pompano Beach,FL,26
40,Katleen Sandes,ksandes13@indiegogo.com,Tucson,AZ,78
41,Shannon Garlicke,sgarlicke14@moonfruit.com,Atlanta,GA,28
42,Ringo Macveigh,rmacveigh15@oaic.gov.au,Philadelphia,PA,53
43,Leontyne Van Halle,lvan16@geocities.com,Las Vegas,NV,59
44,Wes Mcasparan,wmcasparan17@goodreads.com,Baton Rouge,LA,22
45,Elvin Batey,ebatey18@latimes.com,Kansas City,MO,62
46,Yance Orritt,yorritt19@ihg.com,Salt Lake City,UT,48
47,Raynell Klimsch,rklimsch1a@utexas.edu,Boston,MA,48
48,Katrina Kleynermans,kkleynermans1b@sohu.com,Albany,NY,42
49,Arlene Percival,apercival1c@vkontakte.ru,Pensacola,FL,54
50,Angelle Seargeant,aseargeant1d@shutterfly.com,Akron,OH,48
51,Nixie Kilgrove,nkilgrove1e@cbsnews.com,Tampa,FL,27
52,Fraze Stollmeyer,fstollmeyer1f@vinaora.com,Shreveport,LA,26
53,Gratiana Preddy,gpreddy1g@pcworld.com,Denver,CO,24
54,Adina Ridgway,aridgway1h@scientificamerican.com,Jackson,MS,31
55,Hurley Gwinnett,hgwinnett1i@ca.gov,Nashville,TN,61
56,Felita Petrazzi,fpetrazzi1j@bravesites.com,New York City,NY,79
57,Shannon Lack,slack1k@is.gd,Clearwater,FL,73
58,Ode Bartlomieczak,obartlomieczak1l@toplist.cz,Arlington,VA,47
59,Kahlil Frie,kfrie1m@blog.com,Young America,MN,35
60,Sarene Colquhoun,scolquhoun1n@nyu.edu,Albuquerque,NM,56
61,Thor Normavell,tnormavell1o@studiopress.com,Oakland,CA,32
62,Moise Sheerman,msheerman1p@rambler.ru,Baton Rouge,LA,69
63,Calli Blaydon,cblaydon1q@infoseek.co.jp,Columbus,OH,78
64,Danie Hunte,dhunte1r@washingtonpost.com,Springfield,IL,59
65,Robinia Twidell,rtwidell1s@tripadvisor.com,Chicago,IL,79
66,Beale Hirschmann,bhirschmann1t@guardian.co.uk,Boca Raton,FL,59
67,Witty Sisson,wsisson1u@si.edu,Tampa,FL,45
68,Nedi Dranfield,ndranfield1v@yolasite.com,Austin,TX,41
69,Andriette McEntee,amcentee1w@samsung.com,Pueblo,CO,41
70,Tanney d'Escoffier,tdescoffier1x@intel.com,Portland,ME,71
71,Almeta Stillmann,astillmann1y@eepurl.com,Tucson,AZ,74
72,Abelard Gocke,agocke1z@comcast.net,San Bernardino,CA,49
73,Fleming Petrosian,fpetrosian20@marketwatch.com,Jackson,MS,42
74,Gordon Sunnex,gsunnex21@mysql.com,Miami,FL,39
75,Aubrey Jenno,ajenno22@exblog.jp,Fort Worth,TX,29
76,Cordelie Tollmache,ctollmache23@tinyurl.com,Southfield,MI,72
77,Cull Tonks,ctonks24@oracle.com,Amarillo,TX,58
78,Nerissa Pilbeam,npilbeam25@latimes.com,Atlanta,GA,21
79,Lissi Dunn,ldunn26@lulu.com,Pompano Beach,FL,22
80,Ignace Ralestone,iralestone27@amazon.co.jp,Pasadena,CA,60
81,Warner Coolahan,wcoolahan28@last.fm,Midland,MI,58
82,Jorrie Annear,jannear29@imdb.com,San Jose,CA,48
83,Elfrieda Jenney,ejenney2a@shutterfly.com,Greensboro,NC,43
84,Cynthia Pierrepoint,cpierrepoint2b@theglobeandmail.com,Shawnee Mission,KS,34
85,Melania Sawkin,msawkin2c@drupal.org,Las Vegas,NV,38
86,Debee Jarrad,djarrad2d@freewebs.com,Washington,DC,73
87,Aube Tyrwhitt,atyrwhitt2e@blog.com,Tyler,TX,36
88,Davie Salandino,dsalandino2f@constantcontact.com,Fort Lauderdale,FL,41
89,Lari McAuslan,lmcauslan2g@meetup.com,Madison,WI,61
90,Johanna McIlrath,jmcilrath2h@cbslocal.com,Waco,TX,57
91,Shell Stanman,sstanman2i@nbcnews.com,Houston,TX,78
92,Morna Brahmer,mbrahmer2j@slideshare.net,Bronx,NY,29
93,Alvan Yvens,ayvens2k@live.com,Winston Salem,NC,56
94,Rebeka Lebell,rlebell2l@sourceforge.net,Austin,TX,58
95,Nerte Kitcherside,nkitcherside2m@go.com,Shawnee Mission,KS,79
96,Rycca Sawday,rsawday2n@newsvine.com,Cincinnati,OH,51
97,Jamie Seeking,jseeking2o@google.co.uk,Montgomery,AL,37
98,Sophi Coie,scoie2p@theglobeandmail.com,Fullerton,CA,38
99,Irma Bonhan,ibonhan2q@tinypic.com,Saginaw,MI,49
100,Birdie Ilymanov,bilymanov2r@google.ru,Gilbert,AZ,33
101,Lorens Quilkin,lquilkin2s@gmpg.org,Boise,ID,48
102,Dell Brugsma,dbrugsma2t@illinois.edu,Gainesville,GA,72
103,Frasquito Greatrakes,fgreatrakes2u@joomla.org,Tucson,AZ,28
104,Peta Butrimovich,pbutrimovich2v@flavors.me,Amarillo,TX,46
105,Bill Eacott,beacott2w@g.co,Gary,IN,80
106,Desmund Bisset,dbisset2x@tumblr.com,Tulsa,OK,70
107,Roxy Bavister,rbavister2y@parallels.com,Montgomery,AL,56
108,Erna Littlekit,elittlekit2z@desdev.cn,Atlanta,GA,21
109,Arnaldo Egell,aegell30@exblog.jp,Dallas,TX,36
110,Roderick Mc Ilory,rmc31@npr.org,Springfield,IL,25
111,Desirae Gyppes,dgyppes32@purevolume.com,Los Angeles,CA,25
112,Shaylynn Worrell,sworrell33@rakuten.co.jp,Wilkes Barre,PA,35
113,Lita Leefe,lleefe34@facebook.com,Saint Paul,MN,63
114,Carce Mitie,cmitie35@uol.com.br,Miami,FL,51
115,Gian O'Dwyer,godwyer36@oakley.com,Arlington,VA,72
116,Dalila Faro,dfaro37@netscape.com,Saginaw,MI,44
117,Winna O'Cannan,wocannan38@imageshack.us,El Paso,TX,34
118,Obed Hollindale,ohollindale39@merriam-webster.com,Albany,NY,38
119,Candice Setchfield,csetchfield3a@icq.com,Bronx,NY,69
120,Kinsley Keymar,kkeymar3b@newsvine.com,Atlanta,GA,23
121,Sasha Beaumont,sbeaumont3c@xrea.com,Rochester,NY,45
122,Marlon Pidgen,mpidgen3d@nifty.com,Decatur,GA,53
123,Margette Gullberg,mgullberg3e@indiatimes.com,Houston,TX,75
124,Conan Tyrie,ctyrie3f@gov.uk,Salt Lake City,UT,57
125,Mechelle Hrinchenko,mhrinchenko3g@lulu.com,Macon,GA,44
126,Lian Mewrcik,lmewrcik3h@nyu.edu,Pasadena,CA,65
127,Harwell Celiz,hceliz3i@about.com,Springfield,IL,67
128,Loreen Dudmesh,ldudmesh3j@jigsy.com,San Antonio,TX,44
129,Marleen Tattersfield,mtattersfield3k@clickbank.net,Anaheim,CA,48
130,Helenelizabeth Perfili,hperfili3l@chronoengine.com,Saint Paul,MN,63
131,Rahel Blanshard,rblanshard3m@zdnet.com,Akron,OH,56
132,Antone Duffyn,aduffyn3n@xinhuanet.com,Greensboro,NC,74
133,Abramo de Aguirre,ade3o@reverbnation.com,Las Vegas,NV,59
134,Tonya Biasio,tbiasio3p@netscape.com,Shawnee Mission,KS,35
135,Dacey Jefferson,djefferson3q@ask.com,Aurora,CO,69
136,Kerrie Gronou,kgronou3r@uol.com.br,Canton,OH,39
137,Chalmers Lukins,clukins3s@instagram.com,Fort Worth,TX,65
138,Raven Bampton,rbampton3t@ning.com,Peoria,AZ,72
139,Tomasina Zwicker,tzwicker3u@mediafire.com,Santa Barbara,CA,21
140,Emmaline Lyste,elyste3v@bloomberg.com,Oklahoma City,OK,38
141,Camellia Cremen,ccremen3w@opera.com,Crawfordsville,IN,53
142,Lurlene Cribbins,lcribbins3x@altervista.org,Kansas City,MO,46
143,Parnell Stonuary,pstonuary3y@mashable.com,Pocatello,ID,26
144,Zelma Mockford,zmockford3z@pagesperso-orange.fr,Louisville,KY,19
145,Cesare Bernolet,cbernolet40@miibeian.gov.cn,Akron,OH,69
146,Huntlee Brannan,hbrannan41@cocolog-nifty.com,Detroit,MI,23
147,Aloysia Pretor,apretor42@vk.com,Boston,MA,40
148,Shelley Keller,skeller43@npr.org,Richmond,VA,21
149,Andris Rush,arush44@tiny.cc,New Orleans,LA,25
150,Maud Benford,mbenford45@va.gov,Saint Paul,MN,40
151,Tyrone Munnery,tmunnery46@cafepress.com,Visalia,CA,70
152,Banky Blodgett,bblodgett47@cdbaby.com,Fairfield,CT,55
153,Niko Figgures,nfiggures48@themeforest.net,Cincinnati,OH,50
154,Lara Skynner,lskynner49@sbwire.com,Washington,DC,48
155,Clay Biggen,cbiggen4a@usa.gov,Lafayette,LA,35
156,Wenona Depport,wdepport4b@wufoo.com,New York City,NY,71
157,Cal Sopp,csopp4c@wired.com,Louisville,KY,52
158,Christy Navarro,cnavarro4d@smugmug.com,Los Angeles,CA,48
159,Vincenz Sandbach,vsandbach4e@blog.com,Los Angeles,CA,27
160,Jammal Olyff,jolyff4f@google.co.jp,Whittier,CA,56
161,Fidela Robbie,frobbie4g@cdbaby.com,Cleveland,OH,48
162,Demetri Evitts,devitts4h@slideshare.net,El Paso,TX,52
163,Granthem Caldroni,gcaldroni4i@irs.gov,Las Vegas,NV,28
164,Lucien Tattersall,ltattersall4j@yahoo.co.jp,Detroit,MI,50
165,Kirby Aveline,kaveline4k@biglobe.ne.jp,Lexington,KY,23
166,Sloan Coram,scoram4l@soundcloud.com,Fort Lauderdale,FL,38
167,Fergus Frohock,ffrohock4m@canalblog.com,Des Moines,IA,38
168,Ingemar O'Fihily,iofihily4n@woothemes.com,El Paso,TX,53
169,Helsa Gozzard,hgozzard4o@cbslocal.com,Memphis,TN,28
170,Jorgan Craddy,jcraddy4p@google.ca,Reno,NV,23
171,Carny Perkinson,cperkinson4q@oracle.com,Glendale,AZ,46
172,Ahmad Stanyan,astanyan4r@t-online.de,Brooklyn,NY,42
173,Thaine Jelf,tjelf4s@bigcartel.com,Saint Louis,MO,58
174,Jasun Whereat,jwhereat4t@ucsd.edu,Brooksville,FL,25
175,Regan Cadwell,rcadwell4u@sciencedirect.com,South Lake Tahoe,CA,78
176,Horton Gumary,hgumary4v@buzzfeed.com,Kansas City,MO,48
177,Flory Baber,fbaber4w@squidoo.com,Athens,GA,79
178,Georgianna Searby,gsearby4x@toplist.cz,Brockton,MA,27
179,Evangeline Quarlis,equarlis4y@cnbc.com,Olympia,WA,27
180,Maiga Landis,mlandis4z@omniture.com,Washington,DC,62
181,Fran Trynor,ftrynor50@is.gd,Denton,TX,19
182,Alair Halpine,ahalpine51@dailymotion.com,Seattle,WA,22
183,Malena Pavese,mpavese52@typepad.com,San Jose,CA,67
184,Letizia Wemyss,lwemyss53@goodreads.com,Fort Smith,AR,40
185,Alasdair Buche,abuche54@reverbnation.com,Houston,TX,46
186,Roldan Pigny,rpigny55@last.fm,Charlotte,NC,29
187,Bruce Guess,bguess56@yelp.com,Columbia,MO,56
188,Viviana Cristea,vcristea57@nps.gov,San Francisco,CA,66
189,Karin Tillett,ktillett58@histats.com,Winter Haven,FL,67
190,Tymon Hewertson,thewertson59@oaic.gov.au,Atlanta,GA,26
191,Freida Adger,fadger5a@nymag.com,Hartford,CT,31
192,Luella Scarrisbrick,lscarrisbrick5b@live.com,El Paso,TX,40
193,Elbertina Lewsie,elewsie5c@webnode.com,Baltimore,MD,71
194,Chickie Newey,cnewey5d@bravesites.com,Lincoln,NE,60
195,Mufi Bugg,mbugg5e@adobe.com,Dayton,OH,73
196,Matilde Bowra,mbowra5f@jiathis.com,Rochester,NY,60
197,Veriee Putterill,vputterill5g@multiply.com,Norman,OK,42
198,Nolie Witherdon,nwitherdon5h@vk.com,Canton,OH,25
199,Zackariah Canti,zcanti5i@furl.net,Washington,DC,78
200,Louis Zarfati,lzarfati5j@clickbank.net,Reading,PA,60
201,Hester Emer,hemer5k@sohu.com,Phoenix,AZ,60
202,Faber Gaffon,fgaffon5l@berkeley.edu,Port Saint Lucie,FL,22
203,Dermot Nesbeth,dnesbeth5m@geocities.jp,Daytona Beach,FL,47
204,Evered Steffan,esteffan5n@technorati.com,New Bedford,MA,34
205,Carol-jean Commusso,ccommusso5o@tuttocitta.it,Sioux Falls,SD,23
206,Nels Stuckey,nstuckey5p@nationalgeographic.com,Midland,TX,58
207,Phillipe Conningham,pconningham5q@prlog.org,Tampa,FL,47
208,Lanni Calver,lcalver5r@about.me,South Bend,IN,43
209,Van Flanders,vflanders5s@miitbeian.gov.cn,Sioux City,IA,61
210,Antonin Salomon,asalomon5t@seesaa.net,Lees Summit,MO,69
211,Ferris Thewless,fthewless5u@github.com,Phoenix,AZ,53
212,Thelma Whall,twhall5v@harvard.edu,Corpus Christi,TX,22
213,Dion Turvie,dturvie5w@xing.com,Orlando,FL,75
214,Hobart Lamb,hlamb5x@icq.com,Canton,OH,57
215,Dierdre Kerrey,dkerrey5y@miitbeian.gov.cn,Kansas City,MO,40
216,Trix Delepine,tdelepine5z@ebay.co.uk,Washington,DC,20
217,Lorne Parry,lparry60@storify.com,Portland,OR,42
218,Jeniece Sweet,jsweet61@vinaora.com,Muskegon,MI,44
219,Virgie Kubacek,vkubacek62@domainmarket.com,Topeka,KS,25
220,Nealon Jockle,njockle63@samsung.com,Tucson,AZ,68
221,Manda Beminster,mbeminster64@loc.gov,Columbus,OH,71
222,Bobette Bosse,bbosse65@cyberchimps.com,Fresno,CA,61
223,Neill Keighley,nkeighley66@xing.com,Dallas,TX,43
224,Tani Grenshiels,tgrenshiels67@alexa.com,Chicago,IL,50
225,Bat Purviss,bpurviss68@dropbox.com,Memphis,TN,63
226,Billy Lett,blett69@dedecms.com,Gainesville,FL,41
227,Iolande Bradbeer,ibradbeer6a@usda.gov,Atlanta,GA,74
228,Korella Abys,kabys6b@google.com.hk,Indianapolis,IN,72
229,Anthony Bemwell,abemwell6c@adobe.com,Lakeland,FL,21
230,Daniele Tiptaft,dtiptaft6d@istockphoto.com,Vancouver,WA,70
231,Daisy Kingzett,dkingzett6e@mac.com,Los Angeles,CA,38
232,Larine Lovett,llovett6f@instagram.com,Louisville,KY,65
233,Moshe Ganforthe,mganforthe6g@blogspot.com,Saint Louis,MO,41
234,Charis Alexandre,calexandre6h@youtu.be,Tulsa,OK,53
235,Nancie Mully,nmully6i@skyrock.com,Newport News,VA,27
236,Bay Mulgrew,bmulgrew6j@mlb.com,Hot Springs National Park,AR,55
237,Brice Yakovitch,byakovitch6k@prlog.org,Lafayette,LA,79
238,Ketty Naismith,knaismith6l@google.it,Garland,TX,57
239,Keene Turtle,kturtle6m@examiner.com,Cincinnati,OH,50
240,Ailis Greig,agreig6n@jimdo.com,Columbia,MO,48
241,Kasper MacGlory,kmacglory6o@usatoday.com,Spartanburg,SC,26
242,Arnaldo Thebeaud,athebeaud6p@php.net,Louisville,KY,77
243,Hope Kear,hkear6q@shop-pro.jp,Las Vegas,NV,56
244,Shawnee Dibnah,sdibnah6r@about.me,Albuquerque,NM,67
245,Lonnard McNaughton,lmcnaughton6s@google.ca,Cincinnati,OH,44
246,Arden Maryon,amaryon6t@hubpages.com,El Paso,TX,57
247,Eileen Secretan,esecretan6u@storify.com,Sacramento,CA,23
248,Englebert Mc Ilory,emc6v@auda.org.au,Indianapolis,IN,30
249,Prinz Knappen,pknappen6w@clickbank.net,Miami,FL,18
250,Elnora Lozano,elozano6x@tinypic.com,Norfolk,VA,46
251,Hilton Castellini,hcastellini6y@ihg.com,Odessa,TX,27
252,Roi Trittam,rtrittam6z@devhub.com,Virginia Beach,VA,44
253,Tisha Bulfoot,tbulfoot70@soundcloud.com,Boston,MA,48
254,Bastian Fursland,bfursland71@nhs.uk,Oklahoma City,OK,59
255,Michel Fields,mfields72@stumbleupon.com,Winston Salem,NC,38
256,Fiann Escalante,fescalante73@cafepress.com,New York City,NY,26
257,Rosina Bamforth,rbamforth74@eventbrite.com,Washington,DC,35
258,Petunia Menendes,pmenendes75@printfriendly.com,Lexington,KY,24
259,Buiron Kollaschek,bkollaschek76@vistaprint.com,Farmington,MI,23
260,Beverlee Nucci,bnucci77@mapquest.com,Cleveland,OH,26
261,Vanna Cubbinelli,vcubbinelli78@dell.com,Orlando,FL,32
262,Rene Kerrey,rkerrey79@ask.com,Dallas,TX,31
263,Lianna Cawse,lcawse7a@blogtalkradio.com,Los Angeles,CA,29
264,Jeri Downe,jdowne7b@msn.com,Berkeley,CA,60
265,Clementina Bricket,cbricket7c@bandcamp.com,Little Rock,AR,43
266,Forster Fleeman,ffleeman7d@tripod.com,San Francisco,CA,35
267,Avery McCardle,amccardle7e@goodreads.com,Maple Plain,MN,65
268,Lenore Oxtarby,loxtarby7f@odnoklassniki.ru,Punta Gorda,FL,43
269,Hyacinthia Gilford,hgilford7g@google.cn,Largo,FL,36
270,April Fulstow,afulstow7h@uiuc.edu,Riverside,CA,56
271,Perle Gyorgy,pgyorgy7i@live.com,Orange,CA,47
272,Homerus Parrett,hparrett7j@behance.net,Brooklyn,NY,33
273,Hendrika Dymond,hdymond7k@walmart.com,Olympia,WA,63
274,Clarice Gordon-Giles,cgordongiles7l@privacy.gov.au,Panama City,FL,42
275,Fernanda Bynert,fbynert7m@hhs.gov,Minneapolis,MN,53
276,Cyb Holworth,cholworth7n@php.net,Washington,DC,66
277,Tobye Budgey,tbudgey7o@ucsd.edu,Hollywood,FL,58
278,Susie Concannon,sconcannon7p@free.fr,Brooklyn,NY,64
279,Melly Barajas,mbarajas7q@t.co,Austin,TX,36
280,Orazio Brou,obrou7r@va.gov,Providence,RI,59
281,Brandise Crowson,bcrowson7s@dion.ne.jp,Youngstown,OH,37
282,Kirsteni Newe,knewe7t@wiley.com,Anaheim,CA,42
283,Isa Spalding,ispalding7u@redcross.org,Santa Fe,NM,47
284,Kenton Standon,kstandon7v@usda.gov,Honolulu,HI,27
285,Natalie Ortner,nortner7w@oracle.com,Pittsburgh,PA,20
286,Sophi Speaks,sspeaks7x@ovh.net,Amarillo,TX,68
287,Minny Stubbings,mstubbings7y@miitbeian.gov.cn,Hamilton,OH,43
288,Meta Swainson,mswainson7z@cloudflare.com,Newark,NJ,36
289,Artemas Sieghard,asieghard80@surveymonkey.com,Chicago,IL,46
290,Garreth Winters,gwinters81@google.com.au,Toledo,OH,43
291,Jarrad Von Salzberg,jvon82@accuweather.com,Baltimore,MD,20
292,Lloyd Klisch,lklisch83@behance.net,Torrance,CA,18
293,Dore Langland,dlangland84@craigslist.org,Baton Rouge,LA,41
294,Isiahi Meecher,imeecher85@cocolog-nifty.com,Seattle,WA,57
295,Cristine Lunck,clunck86@deviantart.com,Gainesville,FL,42
296,Dory Popping,dpopping87@oaic.gov.au,Gastonia,NC,75
297,Duncan McDougall,dmcdougall88@netscape.com,Norfolk,VA,75
298,Loydie Dukes,ldukes89@google.es,Phoenix,AZ,65
299,Ripley Foltin,rfoltin8a@ning.com,Brockton,MA,79
300,Marianne Osbourn,mosbourn8b@examiner.com,San Antonio,TX,19
